[
  {
    "id": 1,
    "name": "برند الف",
    "color": "#ff6f61",
    "products": [
      {
        "code": "A101",
        "name": "محصول الف۱",
        "price": 120000
      },
      {
        "code": "A102",
        "name": "محصول الف۲",
        "price": 150000
      }
    ]
  },
  {
    "id": 2,
    "name": "برند ب",
    "color": "#6b5b95",
    "products": [
      {
        "code": "B201",
        "name": "محصول ب۱",
        "price": 98000
      },
      {
        "code": "B202",
        "name": "محصول ب۲",
        "price": 112000
      }
    ]
  },
  {
    "id": 3,
    "name": "برند ج",
    "color": "#88b04b",
    "products": [
      {
        "code": "C301",
        "name": "محصول ج۱",
        "price": 175000
      },
      {
        "code": "C302",
        "name": "محصول ج۲",
        "price": 210000
      }
    ]
  }
]